table_name,constraint_name,constraint_type,column_name,referenced_table,referenced_column
adherence_summary,2200_19421_10_not_null,CHECK,,,
adherence_summary,2200_19421_11_not_null,CHECK,,,
adherence_summary,2200_19421_14_not_null,CHECK,,,
adherence_summary,2200_19421_16_not_null,CHECK,,,
adherence_summary,2200_19421_17_not_null,CHECK,,,
adherence_summary,2200_19421_18_not_null,CHECK,,,
adherence_summary,2200_19421_19_not_null,CHECK,,,
adherence_summary,2200_19421_1_not_null,CHECK,,,
adherence_summary,2200_19421_20_not_null,CHECK,,,
adherence_summary,2200_19421_22_not_null,CHECK,,,
adherence_summary,2200_19421_23_not_null,CHECK,,,
adherence_summary,2200_19421_24_not_null,CHECK,,,
adherence_summary,2200_19421_2_not_null,CHECK,,,
adherence_summary,2200_19421_3_not_null,CHECK,,,
adherence_summary,2200_19421_4_not_null,CHECK,,,
adherence_summary,2200_19421_5_not_null,CHECK,,,
adherence_summary,2200_19421_6_not_null,CHECK,,,
adherence_summary,2200_19421_7_not_null,CHECK,,,
adherence_summary,2200_19421_8_not_null,CHECK,,,
adherence_summary,2200_19421_9_not_null,CHECK,,,
adherence_summary,adherence_summary_adherence_pct_check,CHECK,,adherence_summary,adherence_pct
adherence_summary,adherence_summary_check,CHECK,,adherence_summary,days_with_reading
adherence_summary,adherence_summary_check,CHECK,,adherence_summary,window_days
adherence_summary,adherence_summary_check1,CHECK,,adherence_summary,max_streak_days
adherence_summary,adherence_summary_check1,CHECK,,adherence_summary,window_days
adherence_summary,adherence_summary_check2,CHECK,,adherence_summary,current_streak_days
adherence_summary,adherence_summary_check2,CHECK,,adherence_summary,window_days
adherence_summary,adherence_summary_check3,CHECK,,adherence_summary,max_gap_days
adherence_summary,adherence_summary_check3,CHECK,,adherence_summary,window_days
adherence_summary,adherence_summary_check4,CHECK,,adherence_summary,window_days
adherence_summary,adherence_summary_check4,CHECK,,adherence_summary,complete_days
adherence_summary,adherence_summary_completeness_pct_check,CHECK,,adherence_summary,completeness_pct
adherence_summary,adherence_summary_daily_slots_check,CHECK,,adherence_summary,daily_slots
adherence_summary,adherence_summary_days_since_last_reading_check,CHECK,,adherence_summary,days_since_last_reading
adherence_summary,adherence_summary_expected_readings_check,CHECK,,adherence_summary,expected_readings
adherence_summary,adherence_summary_readings_per_week_check,CHECK,,adherence_summary,readings_per_week
adherence_summary,adherence_summary_slot_coverage_pct_check,CHECK,,adherence_summary,slot_coverage_pct
adherence_summary,adherence_summary_total_readings_check,CHECK,,adherence_summary,total_readings
adherence_summary,adherence_summary_window_days_check,CHECK,,adherence_summary,window_days
adherence_summary,adherence_summary_patient_id_fkey,FOREIGN KEY,patient_id,patients,id
adherence_summary,adherence_summary_workflow_run_id_fkey,FOREIGN KEY,workflow_run_id,workflow_runs,id
adherence_summary,adherence_summary_pkey,PRIMARY KEY,id,adherence_summary,id
adherence_summary,adherence_summary_patient_id_window_days_period_end_date_key,UNIQUE,period_end_date,adherence_summary,patient_id
adherence_summary,adherence_summary_patient_id_window_days_period_end_date_key,UNIQUE,period_end_date,adherence_summary,period_end_date
adherence_summary,adherence_summary_patient_id_window_days_period_end_date_key,UNIQUE,period_end_date,adherence_summary,window_days
adherence_summary,adherence_summary_patient_id_window_days_period_end_date_key,UNIQUE,patient_id,adherence_summary,patient_id
adherence_summary,adherence_summary_patient_id_window_days_period_end_date_key,UNIQUE,patient_id,adherence_summary,period_end_date
adherence_summary,adherence_summary_patient_id_window_days_period_end_date_key,UNIQUE,patient_id,adherence_summary,window_days
adherence_summary,adherence_summary_patient_id_window_days_period_end_date_key,UNIQUE,window_days,adherence_summary,patient_id
adherence_summary,adherence_summary_patient_id_window_days_period_end_date_key,UNIQUE,window_days,adherence_summary,period_end_date
adherence_summary,adherence_summary_patient_id_window_days_period_end_date_key,UNIQUE,window_days,adherence_summary,window_days
alerts,2200_19238_13_not_null,CHECK,,,
alerts,2200_19238_1_not_null,CHECK,,,
alerts,2200_19238_2_not_null,CHECK,,,
alerts,2200_19238_3_not_null,CHECK,,,
alerts,2200_19238_5_not_null,CHECK,,,
alerts,2200_19238_6_not_null,CHECK,,,
alerts,2200_19238_7_not_null,CHECK,,,
alerts,2200_19238_8_not_null,CHECK,,,
alerts,2200_19238_9_not_null,CHECK,,,
alerts,alerts_severity_check,CHECK,,alerts,severity
alerts,alerts_status_check,CHECK,,alerts,status
alerts,alerts_acknowledged_by_professional_id_fkey,FOREIGN KEY,acknowledged_by_professional_id,professionals,id
alerts,alerts_patient_id_fkey,FOREIGN KEY,patient_id,patients,id
alerts,alerts_source_reading_id_fkey,FOREIGN KEY,source_reading_id,glucose_readings,id
alerts,alerts_workflow_run_id_fkey,FOREIGN KEY,workflow_run_id,workflow_runs,id
alerts,alerts_pkey,PRIMARY KEY,id,alerts,id
alerts,alerts_event_id_key,UNIQUE,event_id,alerts,event_id
clinical_tasks,2200_19269_14_not_null,CHECK,,,
clinical_tasks,2200_19269_15_not_null,CHECK,,,
clinical_tasks,2200_19269_1_not_null,CHECK,,,
clinical_tasks,2200_19269_2_not_null,CHECK,,,
clinical_tasks,2200_19269_3_not_null,CHECK,,,
clinical_tasks,2200_19269_6_not_null,CHECK,,,
clinical_tasks,2200_19269_7_not_null,CHECK,,,
clinical_tasks,2200_19269_8_not_null,CHECK,,,
clinical_tasks,clinical_tasks_final_decision_check,CHECK,,clinical_tasks,final_decision
clinical_tasks,clinical_tasks_priority_check,CHECK,,clinical_tasks,priority
clinical_tasks,clinical_tasks_status_check,CHECK,,clinical_tasks,status
clinical_tasks,clinical_tasks_assigned_professional_id_fkey,FOREIGN KEY,assigned_professional_id,professionals,id
clinical_tasks,clinical_tasks_patient_id_fkey,FOREIGN KEY,patient_id,patients,id
clinical_tasks,clinical_tasks_source_alert_id_fkey,FOREIGN KEY,source_alert_id,alerts,id
clinical_tasks,clinical_tasks_workflow_run_id_fkey,FOREIGN KEY,workflow_run_id,workflow_runs,id
clinical_tasks,clinical_tasks_pkey,PRIMARY KEY,id,clinical_tasks,id
clinical_tasks,clinical_tasks_event_id_key,UNIQUE,event_id,clinical_tasks,event_id
events,2200_19384_13_not_null,CHECK,,,
events,2200_19384_14_not_null,CHECK,,,
events,2200_19384_1_not_null,CHECK,,,
events,2200_19384_2_not_null,CHECK,,,
events,2200_19384_3_not_null,CHECK,,,
events,2200_19384_4_not_null,CHECK,,,
events,2200_19384_5_not_null,CHECK,,,
events,2200_19384_7_not_null,CHECK,,,
events,2200_19384_9_not_null,CHECK,,,
events,events_actor_type_check,CHECK,,events,actor_type
events,events_entity_type_check,CHECK,,events,entity_type
events,events_event_type_check,CHECK,,events,event_type
events,events_metadata_check,CHECK,,events,metadata
events,events_new_state_check,CHECK,,events,new_state
events,events_previous_state_check,CHECK,,events,previous_state
events,events_source_channel_check,CHECK,,events,source_channel
events,events_actor_profile_id_fkey,FOREIGN KEY,actor_profile_id,profiles,id
events,events_patient_id_fkey,FOREIGN KEY,patient_id,patients,id
events,events_workflow_run_id_fkey,FOREIGN KEY,workflow_run_id,workflow_runs,id
events,events_pkey,PRIMARY KEY,event_id,events,event_id
glucose_daily_context,2200_19330_10_not_null,CHECK,,,
glucose_daily_context,2200_19330_11_not_null,CHECK,,,
glucose_daily_context,2200_19330_1_not_null,CHECK,,,
glucose_daily_context,2200_19330_2_not_null,CHECK,,,
glucose_daily_context,2200_19330_3_not_null,CHECK,,,
glucose_daily_context,daily_context_reason_check,CHECK,,glucose_daily_context,missed_dose_reason
glucose_daily_context,daily_context_reason_check,CHECK,,glucose_daily_context,missed_doses_7d
glucose_daily_context,glucose_daily_context_missed_dose_reason_check,CHECK,,glucose_daily_context,missed_dose_reason
glucose_daily_context,glucose_daily_context_missed_doses_7d_check,CHECK,,glucose_daily_context,missed_doses_7d
glucose_daily_context,glucose_daily_context_sleep_quality_check,CHECK,,glucose_daily_context,sleep_quality
glucose_daily_context,glucose_daily_context_patient_id_fkey,FOREIGN KEY,patient_id,patients,id
glucose_daily_context,glucose_daily_context_pkey,PRIMARY KEY,id,glucose_daily_context,id
glucose_daily_context,glucose_daily_context_patient_id_local_date_key,UNIQUE,patient_id,glucose_daily_context,patient_id
glucose_daily_context,glucose_daily_context_patient_id_local_date_key,UNIQUE,local_date,glucose_daily_context,patient_id
glucose_daily_context,glucose_daily_context_patient_id_local_date_key,UNIQUE,local_date,glucose_daily_context,local_date
glucose_daily_context,glucose_daily_context_patient_id_local_date_key,UNIQUE,patient_id,glucose_daily_context,local_date
glucose_readings,2200_19007_12_not_null,CHECK,,,
glucose_readings,2200_19007_1_not_null,CHECK,,,
glucose_readings,2200_19007_23_not_null,CHECK,,,
glucose_readings,2200_19007_28_not_null,CHECK,,,
glucose_readings,2200_19007_29_not_null,CHECK,,,
glucose_readings,2200_19007_2_not_null,CHECK,,,
glucose_readings,2200_19007_30_not_null,CHECK,,,
glucose_readings,2200_19007_3_not_null,CHECK,,,
glucose_readings,2200_19007_4_not_null,CHECK,,,
glucose_readings,2200_19007_5_not_null,CHECK,,,
glucose_readings,2200_19007_6_not_null,CHECK,,,
glucose_readings,2200_19007_7_not_null,CHECK,,,
glucose_readings,2200_19007_8_not_null,CHECK,,,
glucose_readings,2200_19007_9_not_null,CHECK,,,
glucose_readings,glucose_readings_activity_duration_check,CHECK,,glucose_readings,activity_duration_min
glucose_readings,glucose_readings_activity_intensity_check,CHECK,,glucose_readings,activity_intensity
glucose_readings,glucose_readings_carbohydrate_check,CHECK,,glucose_readings,carbohydrate_estimate
glucose_readings,glucose_readings_context_source_check,CHECK,,glucose_readings,measurement_source
glucose_readings,glucose_readings_glucose_value_check,CHECK,,glucose_readings,glucose_value
glucose_readings,glucose_readings_meal_before_reading_check,CHECK,,glucose_readings,last_meal_at
glucose_readings,glucose_readings_meal_before_reading_check,CHECK,,glucose_readings,measured_at
glucose_readings,glucose_readings_meal_type_check,CHECK,,glucose_readings,meal_type
glucose_readings,glucose_readings_measurement_context_check,CHECK,,glucose_readings,measurement_context
glucose_readings,glucose_readings_observation_length_check,CHECK,,glucose_readings,observation
glucose_readings,glucose_readings_processing_check,CHECK,,glucose_readings,processing_state
glucose_readings,glucose_readings_quality_check,CHECK,,glucose_readings,quality_state
glucose_readings,glucose_readings_sleep_quality_check,CHECK,,glucose_readings,sleep_quality
glucose_readings,glucose_readings_source_channel_check,CHECK,,glucose_readings,source_channel
glucose_readings,glucose_readings_symptoms_check,CHECK,,glucose_readings,symptoms
glucose_readings,glucose_readings_unit_check,CHECK,,glucose_readings,unit
glucose_readings,glucose_patient_fk,FOREIGN KEY,patient_id,patients,id
glucose_readings,glucose_readings_recorded_by_profile_id_fkey,FOREIGN KEY,recorded_by_profile_id,profiles,id
glucose_readings,glucose_readings_pkey,PRIMARY KEY,id,glucose_readings,id
glucose_readings,glucose_readings_event_id_key,UNIQUE,event_id,glucose_readings,event_id
patient_histories,2200_19098_1_not_null,CHECK,,,
patient_histories,2200_19098_2_not_null,CHECK,,,
patient_histories,2200_19098_3_not_null,CHECK,,,
patient_histories,2200_19098_4_not_null,CHECK,,,
patient_histories,2200_19098_6_not_null,CHECK,,,
patient_histories,patient_histories_current_step_check,CHECK,,patient_histories,current_step
patient_histories,patient_histories_data_check,CHECK,,patient_histories,data
patient_histories,patient_histories_patient_id_fkey,FOREIGN KEY,patient_id,patients,id
patient_histories,patient_histories_pkey,PRIMARY KEY,patient_id,patient_histories,patient_id
patient_history_reviews,2200_19137_1_not_null,CHECK,,,
patient_history_reviews,2200_19137_2_not_null,CHECK,,,
patient_history_reviews,2200_19137_3_not_null,CHECK,,,
patient_history_reviews,2200_19137_4_not_null,CHECK,,,
patient_history_reviews,2200_19137_5_not_null,CHECK,,,
patient_history_reviews,2200_19137_6_not_null,CHECK,,,
patient_history_reviews,patient_history_reviews_note_check,CHECK,,patient_history_reviews,note
patient_history_reviews,patient_history_reviews_patient_id_fkey,FOREIGN KEY,patient_id,patients,id
patient_history_reviews,patient_history_reviews_patient_id_history_revision_fkey,FOREIGN KEY,patient_id,patient_history_versions,revision
patient_history_reviews,patient_history_reviews_patient_id_history_revision_fkey,FOREIGN KEY,history_revision,patient_history_versions,revision
patient_history_reviews,patient_history_reviews_patient_id_history_revision_fkey,FOREIGN KEY,patient_id,patient_history_versions,patient_id
patient_history_reviews,patient_history_reviews_patient_id_history_revision_fkey,FOREIGN KEY,history_revision,patient_history_versions,patient_id
patient_history_reviews,patient_history_reviews_professional_id_fkey,FOREIGN KEY,professional_id,professionals,id
patient_history_reviews,patient_history_reviews_pkey,PRIMARY KEY,id,patient_history_reviews,id
patient_history_versions,2200_19116_1_not_null,CHECK,,,
patient_history_versions,2200_19116_2_not_null,CHECK,,,
patient_history_versions,2200_19116_3_not_null,CHECK,,,
patient_history_versions,2200_19116_4_not_null,CHECK,,,
patient_history_versions,2200_19116_5_not_null,CHECK,,,
patient_history_versions,2200_19116_6_not_null,CHECK,,,
patient_history_versions,patient_history_versions_actor_profile_id_fkey,FOREIGN KEY,actor_profile_id,profiles,id
patient_history_versions,patient_history_versions_patient_id_fkey,FOREIGN KEY,patient_id,patients,id
patient_history_versions,patient_history_versions_pkey,PRIMARY KEY,id,patient_history_versions,id
patient_history_versions,patient_history_versions_patient_id_revision_key,UNIQUE,patient_id,patient_history_versions,revision
patient_history_versions,patient_history_versions_patient_id_revision_key,UNIQUE,revision,patient_history_versions,patient_id
patient_history_versions,patient_history_versions_patient_id_revision_key,UNIQUE,revision,patient_history_versions,revision
patient_history_versions,patient_history_versions_patient_id_revision_key,UNIQUE,patient_id,patient_history_versions,patient_id
patient_invitations,2200_19163_1_not_null,CHECK,,,
patient_invitations,2200_19163_2_not_null,CHECK,,,
patient_invitations,2200_19163_3_not_null,CHECK,,,
patient_invitations,2200_19163_4_not_null,CHECK,,,
patient_invitations,2200_19163_8_not_null,CHECK,,,
patient_invitations,patient_invitations_accepted_by_fkey,FOREIGN KEY,accepted_by,patients,id
patient_invitations,patient_invitations_professional_id_fkey,FOREIGN KEY,professional_id,professionals,id
patient_invitations,patient_invitations_pkey,PRIMARY KEY,id,patient_invitations,id
patient_invitations,patient_invitations_code_key,UNIQUE,code,patient_invitations,code
patients,2200_19045_1_not_null,CHECK,,,
patients,2200_19045_2_not_null,CHECK,,,
patients,2200_19045_3_not_null,CHECK,,,
patients,patients_profile_id_fkey,FOREIGN KEY,profile_id,profiles,id
patients,patients_pkey,PRIMARY KEY,id,patients,id
patients,patients_profile_id_key,UNIQUE,profile_id,patients,profile_id
professional_patients,2200_19080_1_not_null,CHECK,,,
professional_patients,2200_19080_2_not_null,CHECK,,,
professional_patients,2200_19080_3_not_null,CHECK,,,
professional_patients,2200_19080_4_not_null,CHECK,,,
professional_patients,professional_patients_patient_id_fkey,FOREIGN KEY,patient_id,patients,id
professional_patients,professional_patients_professional_id_fkey,FOREIGN KEY,professional_id,professionals,id
professional_patients,professional_patients_pkey,PRIMARY KEY,professional_id,professional_patients,professional_id
professional_patients,professional_patients_pkey,PRIMARY KEY,patient_id,professional_patients,patient_id
professional_patients,professional_patients_pkey,PRIMARY KEY,patient_id,professional_patients,professional_id
professional_patients,professional_patients_pkey,PRIMARY KEY,professional_id,professional_patients,patient_id
professionals,2200_19059_1_not_null,CHECK,,,
professionals,2200_19059_2_not_null,CHECK,,,
professionals,2200_19059_3_not_null,CHECK,,,
professionals,2200_19059_4_not_null,CHECK,,,
professionals,2200_19059_5_not_null,CHECK,,,
professionals,2200_19059_6_not_null,CHECK,,,
professionals,2200_19059_8_not_null,CHECK,,,
professionals,professional_completion,CHECK,,professionals,institution
professionals,professional_completion,CHECK,,professionals,completed_at
professionals,professional_completion,CHECK,,professionals,license_number
professionals,professional_completion,CHECK,,professionals,specialty
professionals,professionals_profile_id_fkey,FOREIGN KEY,profile_id,profiles,id
professionals,professionals_pkey,PRIMARY KEY,id,professionals,id
professionals,professionals_profile_id_key,UNIQUE,profile_id,professionals,profile_id
profiles,2200_19027_1_not_null,CHECK,,,
profiles,2200_19027_2_not_null,CHECK,,,
profiles,2200_19027_3_not_null,CHECK,,,
profiles,2200_19027_4_not_null,CHECK,,,
profiles,2200_19027_5_not_null,CHECK,,,
profiles,profiles_display_name_check,CHECK,,profiles,display_name
profiles,profiles_role_check,CHECK,,profiles,role
profiles,profiles_user_id_fkey,FOREIGN KEY,user_id,,
profiles,profiles_pkey,PRIMARY KEY,id,profiles,id
profiles,profiles_user_id_key,UNIQUE,user_id,profiles,user_id
workflow_runs,2200_19363_11_not_null,CHECK,,,
workflow_runs,2200_19363_13_not_null,CHECK,,,
workflow_runs,2200_19363_1_not_null,CHECK,,,
workflow_runs,2200_19363_2_not_null,CHECK,,,
workflow_runs,2200_19363_3_not_null,CHECK,,,
workflow_runs,2200_19363_4_not_null,CHECK,,,
workflow_runs,2200_19363_6_not_null,CHECK,,,
workflow_runs,2200_19363_8_not_null,CHECK,,,
workflow_runs,workflow_run_finished_state_check,CHECK,,workflow_runs,finished_at
workflow_runs,workflow_run_finished_state_check,CHECK,,workflow_runs,status
workflow_runs,workflow_runs_input_payload_check,CHECK,,workflow_runs,input_payload
workflow_runs,workflow_runs_output_payload_check,CHECK,,workflow_runs,output_payload
workflow_runs,workflow_runs_status_check,CHECK,,workflow_runs,status
workflow_runs,workflow_runs_workflow_key_check,CHECK,,workflow_runs,workflow_key
workflow_runs,workflow_runs_workflow_name_check,CHECK,,workflow_runs,workflow_name
workflow_runs,workflow_runs_workflow_version_check,CHECK,,workflow_runs,workflow_version
workflow_runs,workflow_runs_pkey,PRIMARY KEY,id,workflow_runs,id
(257 rows)
